fecha_hora,valoracion,consulta
2026-06-20 11:41:08,correcta,"Considere un camino h´umedo peraltado donde hay un coeficiente de fricci´on est´atica de 0.30 y un
coeficiente de fricci´on din´amica de 0.25 entre los neum´aticos y la carretera. El radio de la curva
es R = 50 m.
(a) Si el ´angulo de peralte es β = 25, ¿qu´e rapidez m´axima puede tener el auto antes de derrapar
peralte arriba?
(b) ¿Qu´e rapidez m´ınima debe tener para no derrapar peralte abajo?"
2026-06-20 11:46:21,correcta,"Una pistola de juguete Nerf tiene un sistema de resorte en el interior del ca˜n´on que le permite
disparar un dardo de espuma. Cuando se coloca el dardo en la rec´amara el resorte se comprime
2.5 cm. Si la constante el´astica del resorte es de 100 N/m:
(a) Haga el DCA para el dardo en el instante en el que ´este se encuentra en el ca˜n´on de la pistola
y plantee la segunda ley de Newton."
